{"initial_reset_timestamp": 1546958738.946628, "episode_types": ["t"], "episode_rewards": [1.0], "timestamps": [1546958742.6881196], "episode_lengths": [200]}