{"timestamps": [1546928913.4626267], "episode_lengths": [694], "episode_types": ["t"], "episode_rewards": [7.0], "initial_reset_timestamp": 1546928901.109819}