{"episode_types": ["t"], "episode_rewards": [1.0], "episode_lengths": [379], "timestamps": [1546958874.9653015], "initial_reset_timestamp": 1546958868.2193995}