{"initial_reset_timestamp": 1546958677.5607858, "timestamps": [1546958685.8747773], "episode_rewards": [0.0], "episode_types": ["t"], "episode_lengths": [473]}