{"episode_lengths": [166], "initial_reset_timestamp": 1546958733.0514011, "episode_types": ["t"], "timestamps": [1546958736.238363], "episode_rewards": [0.0]}