{"initial_reset_timestamp": 1546929258.4140546, "timestamps": [1546929265.6449172], "episode_rewards": [2.0], "episode_lengths": [409], "episode_types": ["t"]}