{"timestamps": [1546970358.2878957], "initial_reset_timestamp": 1546970352.39133, "episode_lengths": [275], "episode_rewards": [0.0], "episode_types": ["t"]}