{"episode_lengths": [269], "initial_reset_timestamp": 1546929284.9328415, "episode_types": ["t"], "timestamps": [1546929289.843687], "episode_rewards": [2.0]}