{"episode_types": ["t"], "timestamps": [1546943280.8864515], "initial_reset_timestamp": 1546943270.4256456, "episode_lengths": [602], "episode_rewards": [6.0]}