{"episode_lengths": [161], "initial_reset_timestamp": 1546947620.5050545, "timestamps": [1546947623.5979514], "episode_types": ["t"], "episode_rewards": [0.0]}