{"episode_types": ["t"], "timestamps": [1546929247.9461389], "episode_rewards": [4.0], "episode_lengths": [342], "initial_reset_timestamp": 1546929241.822414}