{"timestamps": [1546959437.585673], "episode_lengths": [402], "episode_types": ["t"], "initial_reset_timestamp": 1546959430.4370975, "episode_rewards": [2.0]}