{"episode_rewards": [2.0], "episode_types": ["t"], "timestamps": [1546949434.381621], "episode_lengths": [280], "initial_reset_timestamp": 1546949429.2798588}