{"timestamps": [1546958756.8375888], "episode_rewards": [1.0], "episode_lengths": [383], "initial_reset_timestamp": 1546958750.0122602, "episode_types": ["t"]}