{"initial_reset_timestamp": 1546958726.7422101, "episode_types": ["t"], "timestamps": [1546958730.3720627], "episode_rewards": [1.0], "episode_lengths": [193]}