{"episode_types": ["t"], "episode_lengths": [327], "initial_reset_timestamp": 1546958943.3061242, "timestamps": [1546958949.1782396], "episode_rewards": [0.0]}