{"timestamps": [1546947603.9821954], "episode_rewards": [0.0], "episode_lengths": [165], "episode_types": ["t"], "initial_reset_timestamp": 1546947600.8027885}