{"timestamps": [1546949441.882343], "initial_reset_timestamp": 1546949437.0124815, "episode_rewards": [2.0], "episode_lengths": [268], "episode_types": ["t"]}