{"timestamps": [1546970327.490321], "initial_reset_timestamp": 1546970319.129428, "episode_types": ["t"], "episode_lengths": [419], "episode_rewards": [11.0]}