{"episode_types": ["t"], "initial_reset_timestamp": 1546947625.8155434, "episode_lengths": [163], "timestamps": [1546947628.9479818], "episode_rewards": [0.0]}