{"episode_lengths": [371], "episode_rewards": [3.0], "episode_types": ["t"], "initial_reset_timestamp": 1546929292.316703, "timestamps": [1546929298.9265206]}