{"episode_lengths": [431], "timestamps": [1546958717.5902836], "episode_types": ["t"], "initial_reset_timestamp": 1546958709.9860346, "episode_rewards": [0.0]}