{"initial_reset_timestamp": 1546929268.2289512, "episode_rewards": [3.0], "timestamps": [1546929273.728029], "episode_types": ["t"], "episode_lengths": [304]}