{"episode_rewards": [2.0], "initial_reset_timestamp": 1546947612.6096501, "episode_types": ["t"], "timestamps": [1546947617.914966], "episode_lengths": [293]}