{"episode_types": ["t"], "episode_lengths": [339], "initial_reset_timestamp": 1546929276.354694, "timestamps": [1546929282.4267583], "episode_rewards": [3.0]}