{"initial_reset_timestamp": 1546929301.7235954, "episode_lengths": [487], "episode_types": ["t"], "timestamps": [1546929310.2759674], "episode_rewards": [3.0]}