{"initial_reset_timestamp": 1546958929.1801722, "episode_types": ["t"], "episode_rewards": [2.0], "timestamps": [1546958934.6618273], "episode_lengths": [302]}