{"episode_lengths": [334], "initial_reset_timestamp": 1546958690.007283, "episode_types": ["t"], "episode_rewards": [1.0], "timestamps": [1546958695.9912686]}