{"episode_types": ["t"], "episode_rewards": [6.0], "timestamps": [1546946027.2535396], "initial_reset_timestamp": 1546946019.3149288, "episode_lengths": [451]}