{"initial_reset_timestamp": 1546970337.9687686, "timestamps": [1546970342.7877955], "episode_rewards": [0.0], "episode_types": ["t"], "episode_lengths": [209]}