{"episode_types": ["t"], "episode_rewards": [0.0], "initial_reset_timestamp": 1546947606.8717024, "episode_lengths": [162], "timestamps": [1546947609.9990768]}