{"timestamps": [1546959445.7684207], "episode_rewards": [0.0], "initial_reset_timestamp": 1546959440.2580168, "episode_lengths": [304], "episode_types": ["t"]}