{"episode_types": ["t"], "episode_lengths": [268], "timestamps": [1546949449.0985823], "initial_reset_timestamp": 1546949444.2130606, "episode_rewards": [2.0]}