{"episode_lengths": [354], "episode_types": ["t"], "initial_reset_timestamp": 1546947588.6716485, "timestamps": [1546947594.9999447], "episode_rewards": [3.0]}